{
  "mtld": {
    "best_degree": 3,
    "models": {
      "1": {
        "r2": 0.9808424942846131,
        "aic": -12.327317137513614,
        "bic": -14.130092560177394,
        "coefficients": [
          0.0,
          1.153174836307052
        ],
        "intercept": 2.301978149378963
      },
      "2": {
        "r2": 1.0,
        "aic": -207.31943257566775,
        "bic": -210.02359570966343,
        "coefficients": [
          0.0,
          0.5948902656886224,
          0.5582845706184294
        ],
        "intercept": 2.3485018635971655
      },
      "3": {
        "r2": 1.0,
        "aic": -207.3988741173476,
        "bic": -211.00442496267516,
        "coefficients": [
          1.1102230246251565e-16,
          0.6720305118433855,
          0.32686383215414405,
          0.154280492309523
        ],
        "intercept": 2.348501863597165
      }
    }
  },
  "hdd": {
    "best_degree": 2,
    "models": {
      "1": {
        "r2": 0.9635764987454812,
        "aic": -17.904036581373216,
        "bic": -19.706812004036998,
        "coefficients": [
          0.0,
          -0.3272358249412405
        ],
        "intercept": 99.96380865285236
      },
      "2": {
        "r2": 1.0,
        "aic": -185.3086218345449,
        "bic": -188.0127849685406,
        "coefficients": [
          0.0,
          -0.10684210676980391,
          -0.2203937181714365
        ],
        "intercept": 99.94544250967142
      },
      "3": {
        "r2": 1.0,
        "aic": -183.3086218345449,
        "bic": -186.91417267987248,
        "coefficients": [
          -2.7755575615628914e-17,
          -0.14643775303726872,
          -0.10160677936904253,
          -0.0791912925349294
        ],
        "intercept": 99.94544250967142
      }
    }
  },
  "shannon_entropy": {
    "best_degree": 2,
    "models": {
      "1": {
        "r2": 0.9513623542910623,
        "aic": -44.080211259249836,
        "bic": -45.882986681913614,
        "coefficients": [
          0.0,
          -0.0035859199806548272
        ],
        "intercept": 0.9997644379487389
      },
      "2": {
        "r2": 1.0,
        "aic": -Infinity,
        "bic": -Infinity,
        "coefficients": [
          0.0,
          -0.0007772254507721872,
          -0.0028086945298826382
        ],
        "intercept": 0.9995303800712487
      },
      "3": {
        "r2": 1.0,
        "aic": -Infinity,
        "bic": -Infinity,
        "coefficients": [
          0.0,
          -0.001323572460691886,
          -0.0011696535001235544,
          -0.0010926940198393888
        ],
        "intercept": 0.9995303800712487
      }
    }
  },
  "mean_sentence_length": {
    "best_degree": 3,
    "models": {
      "1": {
        "r2": 0.9633693946700348,
        "aic": 1.446458137376034,
        "bic": -0.35631728528774653,
        "coefficients": [
          0.0,
          8.207643349501856
        ],
        "intercept": 6.716895212836149
      },
      "2": {
        "r2": 1.0,
        "aic": -194.09927483387503,
        "bic": -196.8034379678707,
        "coefficients": [
          0.0,
          2.6634965026139925,
          5.5441468468878625
        ],
        "intercept": 7.178907450076805
      },
      "3": {
        "r2": 1.0,
        "aic": -195.54514296160335,
        "bic": -199.15069380693092,
        "coefficients": [
          0.0,
          3.6612782196175404,
          2.550801695877237,
          1.995563434007085
        ],
        "intercept": 7.178907450076801
      }
    }
  },
  "lexical_density": {
    "best_degree": 2,
    "models": {
      "1": {
        "r2": 0.9548828240843417,
        "aic": -36.89308381584128,
        "bic": -38.69585923850506,
        "coefficients": [
          0.0,
          0.012357755661588804
        ],
        "intercept": 0.6188155133725787
      },
      "2": {
        "r2": 1.0,
        "aic": -Infinity,
        "bic": -Infinity,
        "coefficients": [
          0.0,
          0.02166296483186356,
          -0.00930520917027477
        ],
        "intercept": 0.6180400792750558
      },
      "3": {
        "r2": 1.0,
        "aic": -Infinity,
        "bic": -Infinity,
        "coefficients": [
          3.469446951953614e-18,
          0.018121636807385873,
          0.0013187749031583584,
          -0.007082656048955416
        ],
        "intercept": 0.6180400792750558
      }
    }
  },
  "flesch_reading_ease": {
    "best_degree": 3,
    "models": {
      "1": {
        "r2": 0.9886451374822712,
        "aic": 2.7229998400701305,
        "bic": 0.9202244174063499,
        "coefficients": [
          0.0,
          -18.474493843240573
        ],
        "intercept": 55.48172543206039
      },
      "2": {
        "r2": 1.0,
        "aic": -187.9350280466066,
        "bic": -190.63919118060227,
        "coefficients": [
          0.0,
          -11.615918806838897,
          -6.858575036401671
        ],
        "intercept": 54.91017751236025
      },
      "3": {
        "r2": 1.0,
        "aic": -Infinity,
        "bic": -Infinity,
        "coefficients": [
          -3.552713678800501e-15,
          -12.255904971293628,
          -4.938616543037509,
          -1.2799723289094436
        ],
        "intercept": 54.91017751236026
      }
    }
  }
}