Method,Metric,Count,Mean,Std,Min,25%,50%,75%,Max
DoF,MTLD,10000,131.9649443210817,29.731557052780122,55.14876471439211,105.25927893953475,134.48876575775716,157.0,218.43500000000006
Few-shot,MTLD,10000,147.16484963247515,19.678876029261787,66.49341850462719,137.0435294117647,148.11999999999998,159.2521212121212,235.88923076923083
Zero-shot,MTLD,10000,158.02475708298167,23.24110018929406,67.5,147.0,159.3917948717949,172.4871794871795,255.3712000000001
DoF,MSL,10000,16.862301496281496,2.0854029571568375,10.214285714285714,15.4,16.7,18.125,27.5
Few-shot,MSL,10000,16.04553141108891,1.8907608801473235,8.6,14.7,16.0,17.25,24.166666666666668
Zero-shot,MSL,10000,15.961022543845043,1.8114492432193787,10.142857142857142,14.7,15.88888888888889,17.125,27.5
DoF,BERTScore,10000,0.8678742392838001,0.00643519455443959,0.8461088538169861,0.8636203557252884,0.8678382337093353,0.871981605887413,1.0
Few-shot,BERTScore,10000,0.8963682958900928,0.008027338475363976,0.8660733103752136,0.8910045176744461,0.8962578773498535,0.9016274660825729,1.0
Zero-shot,BERTScore,10000,0.888573743313551,0.005336944299322911,0.8669111728668213,0.8850461840629578,0.8885142505168915,0.8918885290622711,1.0
