{
  "mtld": {
    "best_degree": 2,
    "models": {
      "1": {
        "r2": 0.5710531445852876,
        "aic": -19.053959041608916,
        "bic": -20.856734464272698,
        "coefficients": [
          0.0,
          0.06060534740490285
        ],
        "intercept": 2.337776267133798
      },
      "2": {
        "r2": 1.0,
        "aic": -Infinity,
        "bic": -Infinity,
        "coefficients": [
          0.0,
          0.24256078915538815,
          -0.18195544175048534
        ],
        "intercept": 2.322613313654591
      },
      "3": {
        "r2": 1.0,
        "aic": -Infinity,
        "bic": -Infinity,
        "coefficients": [
          9.71445146547012e-17,
          0.18624456669775655,
          -0.013006774377590083,
          -0.1126324449152636
        ],
        "intercept": 2.322613313654591
      }
    }
  },
  "hdd": {
    "best_degree": 1,
    "models": {
      "1": {
        "r2": 1.0,
        "aic": -Infinity,
        "bic": -Infinity,
        "coefficients": [
          0.0,
          0.0
        ],
        "intercept": 100.0
      },
      "2": {
        "r2": 1.0,
        "aic": -Infinity,
        "bic": -Infinity,
        "coefficients": [
          0.0,
          0.0,
          0.0
        ],
        "intercept": 100.0
      },
      "3": {
        "r2": 1.0,
        "aic": -Infinity,
        "bic": -Infinity,
        "coefficients": [
          0.0,
          0.0,
          0.0,
          0.0
        ],
        "intercept": 100.0
      }
    }
  },
  "shannon_entropy": {
    "best_degree": 1,
    "models": {
      "1": {
        "r2": 1.0,
        "aic": -Infinity,
        "bic": -Infinity,
        "coefficients": [
          0.0,
          0.0
        ],
        "intercept": 1.0
      },
      "2": {
        "r2": 1.0,
        "aic": -Infinity,
        "bic": -Infinity,
        "coefficients": [
          0.0,
          0.0,
          0.0
        ],
        "intercept": 1.0
      },
      "3": {
        "r2": 1.0,
        "aic": -Infinity,
        "bic": -Infinity,
        "coefficients": [
          0.0,
          0.0,
          0.0,
          0.0
        ],
        "intercept": 1.0
      }
    }
  },
  "mean_sentence_length": {
    "best_degree": 2,
    "models": {
      "1": {
        "r2": 0.6641392129178766,
        "aic": -10.653471333783509,
        "bic": -12.456246756447289,
        "coefficients": [
          0.0,
          0.29955178548825134
        ],
        "intercept": 6.936739441464913
      },
      "2": {
        "r2": 1.0,
        "aic": -Infinity,
        "bic": -Infinity,
        "coefficients": [
          0.0,
          1.0374774664258117,
          -0.7379256809375607
        ],
        "intercept": 6.875245634720116
      },
      "3": {
        "r2": 1.0,
        "aic": -Infinity,
        "bic": -Infinity,
        "coefficients": [
          3.3306690738754696e-16,
          0.8052450014802056,
          -0.04122828610074017,
          -0.4644649298912139
        ],
        "intercept": 6.875245634720116
      }
    }
  },
  "lexical_density": {
    "best_degree": 2,
    "models": {
      "1": {
        "r2": 0.547712758282054,
        "aic": -33.69540804874159,
        "bic": -35.49818347140537,
        "coefficients": [
          0.0,
          0.005036864493188185
        ],
        "intercept": 0.6078369942343723
      },
      "2": {
        "r2": 1.0,
        "aic": -Infinity,
        "bic": -Infinity,
        "coefficients": [
          0.0,
          0.02089242612491081,
          -0.015855561631722633
        ],
        "intercept": 0.6065156974317287
      },
      "3": {
        "r2": 1.0,
        "aic": -Infinity,
        "bic": -Infinity,
        "coefficients": [
          6.071532165918825e-18,
          0.01600248962347663,
          -0.0011857521274200424,
          -0.009779873002868396
        ],
        "intercept": 0.6065156974317287
      }
    }
  },
  "flesch_reading_ease": {
    "best_degree": 2,
    "models": {
      "1": {
        "r2": 0.829604872289494,
        "aic": 1.7196341041159702,
        "bic": -0.08314131854781026,
        "coefficients": [
          0.0,
          -3.69593477651147
        ],
        "intercept": 51.55228788531916
      },
      "2": {
        "r2": 1.0,
        "aic": -192.7633417839089,
        "bic": -195.4675049179046,
        "coefficients": [
          0.0,
          -9.498337397999363,
          5.802402621487895
        ],
        "intercept": 52.03582143710982
      },
      "3": {
        "r2": 1.0,
        "aic": -190.7633417839089,
        "bic": -194.36889262923648,
        "coefficients": [
          -3.1086244689504383e-15,
          -7.576512736394868,
          0.03692863667438173,
          3.8436493232090134
        ],
        "intercept": 52.035821437109824
      }
    }
  }
}