{
  "mtld": {
    "best_degree": 3,
    "models": {
      "1": {
        "r2": 0.32246932107578696,
        "aic": -1.7930391114147435,
        "bic": -3.595814534078524,
        "coefficients": [
          0.0,
          0.6434890943670821
        ],
        "intercept": 2.283492573853031
      },
      "2": {
        "r2": 1.0,
        "aic": -204.5705603800453,
        "bic": -207.27472351404097,
        "coefficients": [
          0.0,
          3.874601709915553,
          -3.231112615548472
        ],
        "intercept": 2.0142331892239924
      },
      "3": {
        "r2": 1.0,
        "aic": -Infinity,
        "bic": -Infinity,
        "coefficients": [
          1.4432899320127035e-15,
          2.9054631701612,
          -0.3236969962854059,
          -1.9382770795087119
        ],
        "intercept": 2.01423318922399
      }
    }
  },
  "hdd": {
    "best_degree": 2,
    "models": {
      "1": {
        "r2": 0.29019556956718373,
        "aic": -11.907524875335493,
        "bic": -13.710300297999273,
        "coefficients": [
          0.0,
          -0.11051637095931707
        ],
        "intercept": 99.91394311909973
      },
      "2": {
        "r2": 1.0,
        "aic": -185.3086218345449,
        "bic": -188.0127849685406,
        "coefficients": [
          0.0,
          -0.709260409759622,
          0.5987440388003051
        ],
        "intercept": 99.96383845566642
      },
      "3": {
        "r2": 1.0,
        "aic": -183.3086218345449,
        "bic": -186.91417267987248,
        "coefficients": [
          -1.3877787807814457e-16,
          -0.5302966578910123,
          0.06185278319447536,
          0.3579275037372199
        ],
        "intercept": 99.96383845566642
      }
    }
  },
  "shannon_entropy": {
    "best_degree": 2,
    "models": {
      "1": {
        "r2": 0.24659938288242278,
        "aic": -38.61251638629399,
        "bic": -40.41529180895777,
        "coefficients": [
          0.0,
          -0.0011538831842488047
        ],
        "intercept": 0.9990808764586663
      },
      "2": {
        "r2": 1.0,
        "aic": -Infinity,
        "bic": -Infinity,
        "coefficients": [
          0.0,
          -0.008140540791472079,
          0.006986657607223275
        ],
        "intercept": 0.9996630979259349
      },
      "3": {
        "r2": 1.0,
        "aic": -Infinity,
        "bic": -Infinity,
        "coefficients": [
          -2.6020852139652106e-18,
          -0.006061932676247662,
          0.0007508332615500071,
          0.004157216230448849
        ],
        "intercept": 0.9996630979259349
      }
    }
  },
  "mean_sentence_length": {
    "best_degree": 3,
    "models": {
      "1": {
        "r2": 0.44574299933378936,
        "aic": 5.324881269080538,
        "bic": 3.5221058464167574,
        "coefficients": [
          0.0,
          2.739431221450431
        ],
        "intercept": 5.602699817795962
      },
      "2": {
        "r2": 1.0,
        "aic": -196.74035100181925,
        "bic": -199.44451413581493,
        "coefficients": [
          0.0,
          13.321348257550081,
          -10.581917036099654
        ],
        "intercept": 4.720873398120993
      },
      "3": {
        "r2": 1.0,
        "aic": -198.4116772966856,
        "bic": -202.01722814201318,
        "coefficients": [
          5.329070518200751e-15,
          10.102269731418012,
          -0.9246814577034261,
          -6.438157052264155
        ],
        "intercept": 4.720873398120985
      }
    }
  },
  "lexical_density": {
    "best_degree": 2,
    "models": {
      "1": {
        "r2": 0.31472093961949354,
        "aic": -20.926227470246673,
        "bic": -22.729002892910454,
        "coefficients": [
          0.0,
          0.0260545877855115
        ],
        "intercept": 0.6338109417970212
      },
      "2": {
        "r2": 1.0,
        "aic": -217.71664028406693,
        "bic": -220.4208034180626,
        "coefficients": [
          0.0,
          0.15923665166087544,
          -0.13318206387536402
        ],
        "intercept": 0.6227124364740743
      },
      "3": {
        "r2": 1.0,
        "aic": -212.4208034180626,
        "bic": -216.02635426339017,
        "coefficients": [
          4.163336342344337e-17,
          0.1193235914260921,
          -0.013442883171013758,
          -0.07982612046956683
        ],
        "intercept": 0.6227124364740741
      }
    }
  },
  "flesch_reading_ease": {
    "best_degree": 3,
    "models": {
      "1": {
        "r2": 0.48317617958666914,
        "aic": 15.52278884638737,
        "bic": 13.72001342372359,
        "coefficients": [
          0.0,
          -16.162345658153406
        ],
        "intercept": 70.42772566095954
      },
      "2": {
        "r2": 1.0,
        "aic": -187.38806337622475,
        "bic": -190.09222651022043,
        "coefficients": [
          0.0,
          -74.06700579171257,
          57.90466013355918
        ],
        "intercept": 75.25311400542279
      },
      "3": {
        "r2": 1.0,
        "aic": -190.7633417839089,
        "bic": -194.36889262923648,
        "coefficients": [
          -2.4868995751603507e-14,
          -56.36836392082761,
          4.8087345209041334,
          35.39728374177007
        ],
        "intercept": 75.25311400542283
      }
    }
  }
}