metric,f_statistic,p_value,eta_squared,interpretation
mtld,137.43653300616666,4.8753662773741356e-60,0.012543908102981139,Significant
hdd,2.7760928087948433,0.06230356043120154,0.0002565283909950291,Not significant
shannon_entropy,10.534312413672552,2.674435373246024e-05,0.0009727391880182178,Significant
mean_sentence_length,39.068470688900526,1.1570186569229339e-17,0.003598105021566549,Significant
lexical_density,36.482658901078494,1.5220773626556223e-16,0.0033607588024806108,Significant
flesch_reading_ease,4.860650679612563,0.007753901564597848,0.0004490681131697096,Significant
