{
  "mtld": {
    "best_degree": 2,
    "models": {
      "1": {
        "r2": 0.006581244115899221,
        "aic": -9.852508591364387,
        "bic": -11.655284014028167,
        "coefficients": [
          0.0,
          0.019814605982233054
        ],
        "intercept": 3.257444648880071
      },
      "2": {
        "r2": 1.0,
        "aic": -206.10303725134327,
        "bic": -208.80720038533894,
        "coefficients": [
          0.0,
          0.8631265303416116,
          -0.8433119243593787
        ],
        "intercept": 3.187168655183456
      },
      "3": {
        "r2": 1.0,
        "aic": -204.10303725134327,
        "bic": -207.70858809667084,
        "coefficients": [
          4.163336342344337e-16,
          0.6207649372402017,
          -0.11622714505514686,
          -0.48472318620282184
        ],
        "intercept": 3.1871686551834557
      }
    }
  },
  "hdd": {
    "best_degree": 2,
    "models": {
      "1": {
        "r2": 0.3286220597023334,
        "aic": -24.320925890221734,
        "bic": -26.123701312885515,
        "coefficients": [
          0.0,
          0.01527578282566821
        ],
        "intercept": 99.58473771057926
      },
      "2": {
        "r2": 1.0,
        "aic": -Infinity,
        "bic": -Infinity,
        "coefficients": [
          0.0,
          -0.06036034296728586,
          0.07563612579295409
        ],
        "intercept": 99.591040721062
      },
      "3": {
        "r2": 1.0,
        "aic": -Infinity,
        "bic": -Infinity,
        "coefficients": [
          -2.4936649967166602e-17,
          -0.03984114865684671,
          0.014078542861636612,
          0.04103838862087832
        ],
        "intercept": 99.591040721062
      }
    }
  },
  "shannon_entropy": {
    "best_degree": 2,
    "models": {
      "1": {
        "r2": 0.1354416153271274,
        "aic": -47.02980202042451,
        "bic": -48.83257744308829,
        "coefficients": [
          0.0,
          0.00019628824212325472
        ],
        "intercept": 0.995674823575588
      },
      "2": {
        "r2": 1.0,
        "aic": -Infinity,
        "bic": -Infinity,
        "coefficients": [
          0.0,
          -0.0015216439180146797,
          0.0017179321601379347
        ],
        "intercept": 0.9958179845889328
      },
      "3": {
        "r2": 1.0,
        "aic": -Infinity,
        "bic": -Infinity,
        "coefficients": [
          -4.336808689942018e-19,
          -0.0010448267466983605,
          0.0002874806461889735,
          0.000953634342632642
        ],
        "intercept": 0.9958179845889328
      }
    }
  },
  "mean_sentence_length": {
    "best_degree": 2,
    "models": {
      "1": {
        "r2": 0.03296062276617151,
        "aic": -1.3345064334951662,
        "bic": -3.1372818561589466,
        "coefficients": [
          0.0,
          0.1858774898385302
        ],
        "intercept": 13.166733442860123
      },
      "2": {
        "r2": 1.0,
        "aic": -201.08110795062822,
        "bic": -203.7852710846239,
        "coefficients": [
          0.0,
          3.673598976759741,
          -3.4877214869212114
        ],
        "intercept": 12.876089985616687
      },
      "3": {
        "r2": 1.0,
        "aic": -195.7852710846239,
        "bic": -199.39082192995147,
        "coefficients": [
          1.3322676295501878e-15,
          2.663830159793787,
          -0.45841503602334394,
          -2.0195376339319124
        ],
        "intercept": 12.876089985616685
      }
    }
  },
  "lexical_density": {
    "best_degree": 2,
    "models": {
      "1": {
        "r2": 0.008330471207607326,
        "aic": -27.543504590625552,
        "bic": -29.346280013289334,
        "coefficients": [
          0.0,
          0.0011695853704956065
        ],
        "intercept": 0.6412332190530624
      },
      "2": {
        "r2": 1.0,
        "aic": -Infinity,
        "bic": -Infinity,
        "coefficients": [
          0.0,
          0.04537457071778436,
          -0.04420498534728877
        ],
        "intercept": 0.6375494702741217
      },
      "3": {
        "r2": 1.0,
        "aic": -Infinity,
        "bic": -Infinity,
        "coefficients": [
          1.9081958235744878e-17,
          0.03266103309209505,
          -0.006064372470220752,
          -0.02542707525137869
        ],
        "intercept": 0.6375494702741217
      }
    }
  },
  "flesch_reading_ease": {
    "best_degree": 3,
    "models": {
      "1": {
        "r2": 0.49464340484539615,
        "aic": -1.0638395353090946,
        "bic": -2.866614957972875,
        "coefficients": [
          0.0,
          -1.0420530758310202
        ],
        "intercept": 38.11596166214793
      },
      "2": {
        "r2": 1.0,
        "aic": -189.4675049179046,
        "bic": -192.17166805190027,
        "coefficients": [
          0.0,
          -4.690712443601124,
          3.648659367770106
        ],
        "intercept": 38.4200166094621
      },
      "3": {
        "r2": 1.0,
        "aic": -Infinity,
        "bic": -Infinity,
        "coefficients": [
          -1.3322676295501878e-15,
          -3.573805975964596,
          0.2979399648605091,
          2.2338129352730656
        ],
        "intercept": 38.42001660946211
      }
    }
  }
}